NSE,ACC
NSE,ADANIPORTS
NSE,ASIANPAINT
NSE,BAJAJ_AUTO
NSE,BHEL
NSE,CIPLA
NSE,COALINDIA
NSE,EXIDEIND
NSE,HCLTECH
NSE,HDFCBANK
NSE,HINDCOPPER
NSE,ICICIBANK
NSE,IDFC
NSE,IEX
NSE,INFY
NSE,JSWSTEEL
NSE,LAURUSLABS
NSE,LT
NSE,MOIL
NSE,MUTHOOTFIN
NSE,NESTLEIND
NSE,PIIND
NSE,RELIANCE
NSE,SBIN
NSE,SUNTV
NSE,TATAMOTORS
NSE,TATAPOWER
NSE,TATASTEEL
NSE,THYROCARE
BSE,ANDHRAPET
NSE,ABBOTINDIA
NSE,ADANIENT
NSE,ADANIGREEN
NSE,ADANIPOWER
NSE,ALKYLAMINE
NSE,APOLLOHOSP
NSE,ASTRAL
NSE,AXISBANK
NSE,BAJAJFINSV
NSE,BAJAJHLDNG
NSE,BAJFINANCE
NSE,BHARTIARTL
NSE,BIOCON
NSE,BOSCHLTD
NSE,BRITANNIA
NSE,CROMPTON
NSE,DELTACORP
NSE,EICHERMOT
NSE,EIDPARRY
NSE,EPL
NSE,FINCABLES
NSE,FINPIPE
NSE,FSL
NSE,GEOJITFSL
NSE,GLENMARK
NSE,GODREJCP
NSE,HDFC
NSE,HDFCLIFE
NSE,HINDUNILVR
NSE,HINDZINC
NSE,INDIACEM
NSE,ISEC
NSE,JINDALSTEL
NSE,JSWENERGY
NSE,KEC
NSE,KIRLFER
NSE,LALPATHLAB
NSE,MOTHERSUMI
NSE,MPHASIS
NSE,NMDC
NSE,PIDILITIND
NSE,PPL
NSE,RAYMOND
NSE,REDINGTON
NSE,SUNPHARMA
NSE,TCS
NSE,TITAN
NSE,TNPETRO
NSE,TORNTPHARM
NSE,ULTRACEMCO
NSE,UTIAMC
NSE,VEDL
NSE,WIPRO
NSE,MOTILALOFS
NSE,DIVISLAB
NSE,ESCORTS
NSE,SEQUENT
NSE,ORIENTELEC
NSE,LUXIND
NSE,DEEPAKNTR
NSE,DMART
NSE,SIEMENS
NSE,JUBLFOOD
NSE,TATACHEM
NSE,ZEEL
NSE,APOLLOTYRE
NSE,TATACONSUM
NSE,LUPIN
NSE,HAVELLS
NSE,OBEROIRLTY
NSE,DIXON
NSE,CESC
NSE,COFORGE
NSE,ABB
NSE,MINDACORP
NSE,SUZLON
NSE,PAYTM
NSE,GAIL
NSE,COROMANDEL
NSE,HINDPETRO
NSE,ICICIGI
NSE,BHARATFORG
NSE,OIL
NSE,AMBUJACEM
NSE,AUROPHARMA
NSE,BEL
NSE,BALKRISIND
NSE,BANKBARODA
NSE,BPCL
NSE,BERGEPAINT
NSE,CHOLAFIN
NSE,DABUR
NSE,GODREJPROP
NSE,GRASIM
NSE,HEROMOTOCO
NSE,INDUSINDBK
NSE,NAUKRI
NSE,KOTAKBANK
NSE,MARICO
NSE,MARUTI
NSE,MINDTREE
NSE,PAGEIND
NSE,PGHH
NSE,PEL
NSE,PNB
NSE,POWERGRID
NSE,SRTRANSFIN
NSE,SHREECEM
NSE,SRF
NSE,TECHM
NSE,UBL
NSE,UPL
NSE,VOLTAS
NSE,KRBL
NSE,MGL